<?xml version='1.1' encoding='UTF-8'?>
<com.cloudbees.simplediskusage.QuickDiskUsagePlugin plugin="cloudbees-disk-usage-simple@0.10">
  <directoriesUsages>
    <com.cloudbees.simplediskusage.DiskItem>
      <displayName>java.io.tmpdir</displayName>
      <path>/tmp</path>
      <usage>41773</usage>
    </com.cloudbees.simplediskusage.DiskItem>
    <com.cloudbees.simplediskusage.DiskItem>
      <displayName>JENKINS_HOME/.ansible</displayName>
      <path>/var/lib/jenkins/.ansible</path>
      <usage>1636</usage>
    </com.cloudbees.simplediskusage.DiskItem>
    <com.cloudbees.simplediskusage.DiskItem>
      <displayName>JENKINS_HOME/.azcopy</displayName>
      <path>/var/lib/jenkins/.azcopy</path>
      <usage>12509</usage>
    </com.cloudbees.simplediskusage.DiskItem>
    <com.cloudbees.simplediskusage.DiskItem>
      <displayName>JENKINS_HOME/.azure</displayName>
      <path>/var/lib/jenkins/.azure</path>
      <usage>214</usage>
    </com.cloudbees.simplediskusage.DiskItem>
    <com.cloudbees.simplediskusage.DiskItem>
      <displayName>JENKINS_HOME/.cache</displayName>
      <path>/var/lib/jenkins/.cache</path>
      <usage>477</usage>
    </com.cloudbees.simplediskusage.DiskItem>
    <com.cloudbees.simplediskusage.DiskItem>
      <displayName>JENKINS_HOME/.config</displayName>
      <path>/var/lib/jenkins/.config</path>
      <usage>0</usage>
    </com.cloudbees.simplediskusage.DiskItem>
    <com.cloudbees.simplediskusage.DiskItem>
      <displayName>JENKINS_HOME/.elinks</displayName>
      <path>/var/lib/jenkins/.elinks</path>
      <usage>1</usage>
    </com.cloudbees.simplediskusage.DiskItem>
    <com.cloudbees.simplediskusage.DiskItem>
      <displayName>JENKINS_HOME/.gnupg</displayName>
      <path>/var/lib/jenkins/.gnupg</path>
      <usage>0</usage>
    </com.cloudbees.simplediskusage.DiskItem>
    <com.cloudbees.simplediskusage.DiskItem>
      <displayName>JENKINS_HOME/.groovy</displayName>
      <path>/var/lib/jenkins/.groovy</path>
      <usage>0</usage>
    </com.cloudbees.simplediskusage.DiskItem>
    <com.cloudbees.simplediskusage.DiskItem>
      <displayName>JENKINS_HOME/.java</displayName>
      <path>/var/lib/jenkins/.java</path>
      <usage>349</usage>
    </com.cloudbees.simplediskusage.DiskItem>
    <com.cloudbees.simplediskusage.DiskItem>
      <displayName>JENKINS_HOME/.kube</displayName>
      <path>/var/lib/jenkins/.kube</path>
      <usage>40923</usage>
    </com.cloudbees.simplediskusage.DiskItem>
    <com.cloudbees.simplediskusage.DiskItem>
      <displayName>JENKINS_HOME/.local</displayName>
      <path>/var/lib/jenkins/.local</path>
      <usage>303978</usage>
    </com.cloudbees.simplediskusage.DiskItem>
    <com.cloudbees.simplediskusage.DiskItem>
      <displayName>JENKINS_HOME/.ssh</displayName>
      <path>/var/lib/jenkins/.ssh</path>
      <usage>0</usage>
    </com.cloudbees.simplediskusage.DiskItem>
    <com.cloudbees.simplediskusage.DiskItem>
      <displayName>JENKINS_HOME/.terraform.d</displayName>
      <path>/var/lib/jenkins/.terraform.d</path>
      <usage>0</usage>
    </com.cloudbees.simplediskusage.DiskItem>
    <com.cloudbees.simplediskusage.DiskItem>
      <displayName>JENKINS_HOME/.vim</displayName>
      <path>/var/lib/jenkins/.vim</path>
      <usage>0</usage>
    </com.cloudbees.simplediskusage.DiskItem>
    <com.cloudbees.simplediskusage.DiskItem>
      <displayName>JENKINS_HOME/backup</displayName>
      <path>/var/lib/jenkins/backup</path>
      <usage>2917</usage>
    </com.cloudbees.simplediskusage.DiskItem>
    <com.cloudbees.simplediskusage.DiskItem>
      <displayName>JENKINS_HOME/caches</displayName>
      <path>/var/lib/jenkins/caches</path>
      <usage>38848</usage>
    </com.cloudbees.simplediskusage.DiskItem>
    <com.cloudbees.simplediskusage.DiskItem>
      <displayName>JENKINS_HOME/fingerprints</displayName>
      <path>/var/lib/jenkins/fingerprints</path>
      <usage>15</usage>
    </com.cloudbees.simplediskusage.DiskItem>
    <com.cloudbees.simplediskusage.DiskItem>
      <displayName>JENKINS_HOME/jobs</displayName>
      <path>/var/lib/jenkins/jobs</path>
      <usage>807031</usage>
    </com.cloudbees.simplediskusage.DiskItem>
    <com.cloudbees.simplediskusage.DiskItem>
      <displayName>JENKINS_HOME/log</displayName>
      <path>/var/lib/jenkins/log</path>
      <usage>0</usage>
    </com.cloudbees.simplediskusage.DiskItem>
    <com.cloudbees.simplediskusage.DiskItem>
      <displayName>JENKINS_HOME/logs</displayName>
      <path>/var/lib/jenkins/logs</path>
      <usage>645</usage>
    </com.cloudbees.simplediskusage.DiskItem>
    <com.cloudbees.simplediskusage.DiskItem>
      <displayName>JENKINS_HOME/nodes</displayName>
      <path>/var/lib/jenkins/nodes</path>
      <usage>2</usage>
    </com.cloudbees.simplediskusage.DiskItem>
    <com.cloudbees.simplediskusage.DiskItem>
      <displayName>JENKINS_HOME/plugins</displayName>
      <path>/var/lib/jenkins/plugins</path>
      <usage>768441</usage>
    </com.cloudbees.simplediskusage.DiskItem>
    <com.cloudbees.simplediskusage.DiskItem>
      <displayName>JENKINS_HOME/secrets</displayName>
      <path>/var/lib/jenkins/secrets</path>
      <usage>5</usage>
    </com.cloudbees.simplediskusage.DiskItem>
    <com.cloudbees.simplediskusage.DiskItem>
      <displayName>JENKINS_HOME/updates</displayName>
      <path>/var/lib/jenkins/updates</path>
      <usage>2941</usage>
    </com.cloudbees.simplediskusage.DiskItem>
    <com.cloudbees.simplediskusage.DiskItem>
      <displayName>JENKINS_HOME/userContent</displayName>
      <path>/var/lib/jenkins/userContent</path>
      <usage>0</usage>
    </com.cloudbees.simplediskusage.DiskItem>
    <com.cloudbees.simplediskusage.DiskItem>
      <displayName>JENKINS_HOME/users</displayName>
      <path>/var/lib/jenkins/users</path>
      <usage>99</usage>
    </com.cloudbees.simplediskusage.DiskItem>
    <com.cloudbees.simplediskusage.DiskItem>
      <displayName>JENKINS_HOME/war</displayName>
      <path>/var/lib/jenkins/war</path>
      <usage>2329</usage>
    </com.cloudbees.simplediskusage.DiskItem>
    <com.cloudbees.simplediskusage.DiskItem>
      <displayName>JENKINS_HOME/workflow-libs</displayName>
      <path>/var/lib/jenkins/workflow-libs</path>
      <usage>0</usage>
    </com.cloudbees.simplediskusage.DiskItem>
    <com.cloudbees.simplediskusage.DiskItem>
      <displayName>JENKINS_HOME/workspace</displayName>
      <path>/var/lib/jenkins/workspace</path>
      <usage>2258262</usage>
    </com.cloudbees.simplediskusage.DiskItem>
    <com.cloudbees.simplediskusage.DiskItem>
      <displayName>JENKINS_HOME</displayName>
      <path>/var/lib/jenkins</path>
      <usage>4241876</usage>
    </com.cloudbees.simplediskusage.DiskItem>
  </directoriesUsages>
  <jobsUsages>
    <com.cloudbees.simplediskusage.JobDiskItem>
      <displayName>DevOps-Team » Build » manage_secrets</displayName>
      <path>/var/lib/jenkins/jobs/DevOps-Team/jobs/Build/jobs/manage_secrets</path>
      <usage>834</usage>
      <fullName>DevOps-Team/Build/manage_secrets</fullName>
      <url>job/DevOps-Team/job/Build/job/manage_secrets/</url>
    </com.cloudbees.simplediskusage.JobDiskItem>
    <com.cloudbees.simplediskusage.JobDiskItem>
      <displayName>DevOps-Team » Build » Vault_credential</displayName>
      <path>/var/lib/jenkins/jobs/DevOps-Team/jobs/Build/jobs/Vault_credential</path>
      <usage>240849</usage>
      <fullName>DevOps-Team/Build/Vault_credential</fullName>
      <url>job/DevOps-Team/job/Build/job/Vault_credential/</url>
    </com.cloudbees.simplediskusage.JobDiskItem>
    <com.cloudbees.simplediskusage.JobDiskItem>
      <displayName>DevOps-Team » Deploy » Ansible_Deployment</displayName>
      <path>/var/lib/jenkins/jobs/DevOps-Team/jobs/Deploy/jobs/Ansible_Deployment</path>
      <usage>9681</usage>
      <fullName>DevOps-Team/Deploy/Ansible_Deployment</fullName>
      <url>job/DevOps-Team/job/Deploy/job/Ansible_Deployment/</url>
    </com.cloudbees.simplediskusage.JobDiskItem>
    <com.cloudbees.simplediskusage.JobDiskItem>
      <displayName>DevOps-Team » Deploy » ApigeeDeployment</displayName>
      <path>/var/lib/jenkins/jobs/DevOps-Team/jobs/Deploy/jobs/ApigeeDeployment</path>
      <usage>1345</usage>
      <fullName>DevOps-Team/Deploy/ApigeeDeployment</fullName>
      <url>job/DevOps-Team/job/Deploy/job/ApigeeDeployment/</url>
    </com.cloudbees.simplediskusage.JobDiskItem>
    <com.cloudbees.simplediskusage.JobDiskItem>
      <displayName>DevOps-Team » Deploy » APPLICATION_REGISTRATION</displayName>
      <path>/var/lib/jenkins/jobs/DevOps-Team/jobs/Deploy/jobs/APPLICATION_REGISTRATION</path>
      <usage>15214</usage>
      <fullName>DevOps-Team/Deploy/APPLICATION_REGISTRATION</fullName>
      <url>job/DevOps-Team/job/Deploy/job/APPLICATION_REGISTRATION/</url>
    </com.cloudbees.simplediskusage.JobDiskItem>
    <com.cloudbees.simplediskusage.JobDiskItem>
      <displayName>DevOps-Team » Deploy » APPLICATION_REGISTRATION_MULTI</displayName>
      <path>/var/lib/jenkins/jobs/DevOps-Team/jobs/Deploy/jobs/APPLICATION_REGISTRATION_MULTI</path>
      <usage>6947</usage>
      <fullName>DevOps-Team/Deploy/APPLICATION_REGISTRATION_MULTI</fullName>
      <url>job/DevOps-Team/job/Deploy/job/APPLICATION_REGISTRATION_MULTI/</url>
    </com.cloudbees.simplediskusage.JobDiskItem>
    <com.cloudbees.simplediskusage.JobDiskItem>
      <displayName>DevOps-Team » Deploy » Decommission_Infra_Job</displayName>
      <path>/var/lib/jenkins/jobs/DevOps-Team/jobs/Deploy/jobs/Decommission_Infra_Job</path>
      <usage>609</usage>
      <fullName>DevOps-Team/Deploy/Decommission_Infra_Job</fullName>
      <url>job/DevOps-Team/job/Deploy/job/Decommission_Infra_Job/</url>
    </com.cloudbees.simplediskusage.JobDiskItem>
    <com.cloudbees.simplediskusage.JobDiskItem>
      <displayName>DevOps-Team » Deploy » Helm-Bulk-Operation</displayName>
      <path>/var/lib/jenkins/jobs/DevOps-Team/jobs/Deploy/jobs/Helm-Bulk-Operation</path>
      <usage>22067</usage>
      <fullName>DevOps-Team/Deploy/Helm-Bulk-Operation</fullName>
      <url>job/DevOps-Team/job/Deploy/job/Helm-Bulk-Operation/</url>
    </com.cloudbees.simplediskusage.JobDiskItem>
    <com.cloudbees.simplediskusage.JobDiskItem>
      <displayName>DevOps-Team » Deploy » HELM_OPERATIONS</displayName>
      <path>/var/lib/jenkins/jobs/DevOps-Team/jobs/Deploy/jobs/HELM_OPERATIONS</path>
      <usage>87752</usage>
      <fullName>DevOps-Team/Deploy/HELM_OPERATIONS</fullName>
      <url>job/DevOps-Team/job/Deploy/job/HELM_OPERATIONS/</url>
    </com.cloudbees.simplediskusage.JobDiskItem>
    <com.cloudbees.simplediskusage.JobDiskItem>
      <displayName>DevOps-Team » Deploy » Infra_Provisioner_Job</displayName>
      <path>/var/lib/jenkins/jobs/DevOps-Team/jobs/Deploy/jobs/Infra_Provisioner_Job</path>
      <usage>106744</usage>
      <fullName>DevOps-Team/Deploy/Infra_Provisioner_Job</fullName>
      <url>job/DevOps-Team/job/Deploy/job/Infra_Provisioner_Job/</url>
    </com.cloudbees.simplediskusage.JobDiskItem>
    <com.cloudbees.simplediskusage.JobDiskItem>
      <displayName>DevOps-Team » Deploy » IotHub_storage_script</displayName>
      <path>/var/lib/jenkins/jobs/DevOps-Team/jobs/Deploy/jobs/IotHub_storage_script</path>
      <usage>284</usage>
      <fullName>DevOps-Team/Deploy/IotHub_storage_script</fullName>
      <url>job/DevOps-Team/job/Deploy/job/IotHub_storage_script/</url>
    </com.cloudbees.simplediskusage.JobDiskItem>
    <com.cloudbees.simplediskusage.JobDiskItem>
      <displayName>DevOps-Team » Deploy » Istio-Ingress</displayName>
      <path>/var/lib/jenkins/jobs/DevOps-Team/jobs/Deploy/jobs/Istio-Ingress</path>
      <usage>4202</usage>
      <fullName>DevOps-Team/Deploy/Istio-Ingress</fullName>
      <url>job/DevOps-Team/job/Deploy/job/Istio-Ingress/</url>
    </com.cloudbees.simplediskusage.JobDiskItem>
    <com.cloudbees.simplediskusage.JobDiskItem>
      <displayName>DevOps-Team » Deploy » NEW_INFRA_PRE_REQ</displayName>
      <path>/var/lib/jenkins/jobs/DevOps-Team/jobs/Deploy/jobs/NEW_INFRA_PRE_REQ</path>
      <usage>5533</usage>
      <fullName>DevOps-Team/Deploy/NEW_INFRA_PRE_REQ</fullName>
      <url>job/DevOps-Team/job/Deploy/job/NEW_INFRA_PRE_REQ/</url>
    </com.cloudbees.simplediskusage.JobDiskItem>
    <com.cloudbees.simplediskusage.JobDiskItem>
      <displayName>DevOps-Team » Deploy » OPA-Policy-Update</displayName>
      <path>/var/lib/jenkins/jobs/DevOps-Team/jobs/Deploy/jobs/OPA-Policy-Update</path>
      <usage>505</usage>
      <fullName>DevOps-Team/Deploy/OPA-Policy-Update</fullName>
      <url>job/DevOps-Team/job/Deploy/job/OPA-Policy-Update/</url>
    </com.cloudbees.simplediskusage.JobDiskItem>
    <com.cloudbees.simplediskusage.JobDiskItem>
      <displayName>DevOps-Team » Deploy » Parsing-Json</displayName>
      <path>/var/lib/jenkins/jobs/DevOps-Team/jobs/Deploy/jobs/Parsing-Json</path>
      <usage>155748</usage>
      <fullName>DevOps-Team/Deploy/Parsing-Json</fullName>
      <url>job/DevOps-Team/job/Deploy/job/Parsing-Json/</url>
    </com.cloudbees.simplediskusage.JobDiskItem>
    <com.cloudbees.simplediskusage.JobDiskItem>
      <displayName>DevOps-Team » Deploy » single_tenant_action</displayName>
      <path>/var/lib/jenkins/jobs/DevOps-Team/jobs/Deploy/jobs/single_tenant_action</path>
      <usage>6959</usage>
      <fullName>DevOps-Team/Deploy/single_tenant_action</fullName>
      <url>job/DevOps-Team/job/Deploy/job/single_tenant_action/</url>
    </com.cloudbees.simplediskusage.JobDiskItem>
    <com.cloudbees.simplediskusage.JobDiskItem>
      <displayName>DevOps-Team » Deploy » SINGLE_TENANT_SAC</displayName>
      <path>/var/lib/jenkins/jobs/DevOps-Team/jobs/Deploy/jobs/SINGLE_TENANT_SAC</path>
      <usage>1727</usage>
      <fullName>DevOps-Team/Deploy/SINGLE_TENANT_SAC</fullName>
      <url>job/DevOps-Team/job/Deploy/job/SINGLE_TENANT_SAC/</url>
    </com.cloudbees.simplediskusage.JobDiskItem>
    <com.cloudbees.simplediskusage.JobDiskItem>
      <displayName>DevOps-Team » Deploy » spinnaker_script</displayName>
      <path>/var/lib/jenkins/jobs/DevOps-Team/jobs/Deploy/jobs/spinnaker_script</path>
      <usage>4</usage>
      <fullName>DevOps-Team/Deploy/spinnaker_script</fullName>
      <url>job/DevOps-Team/job/Deploy/job/spinnaker_script/</url>
    </com.cloudbees.simplediskusage.JobDiskItem>
    <com.cloudbees.simplediskusage.JobDiskItem>
      <displayName>DevOps-Team » Deploy » test</displayName>
      <path>/var/lib/jenkins/jobs/DevOps-Team/jobs/Deploy/jobs/test</path>
      <usage>193</usage>
      <fullName>DevOps-Team/Deploy/test</fullName>
      <url>job/DevOps-Team/job/Deploy/job/test/</url>
    </com.cloudbees.simplediskusage.JobDiskItem>
    <com.cloudbees.simplediskusage.JobDiskItem>
      <displayName>DevOps-Team » Deploy » test-helm</displayName>
      <path>/var/lib/jenkins/jobs/DevOps-Team/jobs/Deploy/jobs/test-helm</path>
      <usage>3859</usage>
      <fullName>DevOps-Team/Deploy/test-helm</fullName>
      <url>job/DevOps-Team/job/Deploy/job/test-helm/</url>
    </com.cloudbees.simplediskusage.JobDiskItem>
    <com.cloudbees.simplediskusage.JobDiskItem>
      <displayName>DevOps-Team » Test » Json_DevOps_Test</displayName>
      <path>/var/lib/jenkins/jobs/DevOps-Team/jobs/Test/jobs/Json_DevOps_Test</path>
      <usage>1719</usage>
      <fullName>DevOps-Team/Test/Json_DevOps_Test</fullName>
      <url>job/DevOps-Team/job/Test/job/Json_DevOps_Test/</url>
    </com.cloudbees.simplediskusage.JobDiskItem>
    <com.cloudbees.simplediskusage.JobDiskItem>
      <displayName>DevOps-Team » Test » monitoring test pipeline</displayName>
      <path>/var/lib/jenkins/jobs/DevOps-Team/jobs/Test/jobs/monitoring test pipeline</path>
      <usage>0</usage>
      <fullName>DevOps-Team/Test/monitoring test pipeline</fullName>
      <url>job/DevOps-Team/job/Test/job/monitoring%20test%20pipeline/</url>
    </com.cloudbees.simplediskusage.JobDiskItem>
    <com.cloudbees.simplediskusage.JobDiskItem>
      <displayName>DevOps-Team » Test » test for monitoring</displayName>
      <path>/var/lib/jenkins/jobs/DevOps-Team/jobs/Test/jobs/test for monitoring</path>
      <usage>0</usage>
      <fullName>DevOps-Team/Test/test for monitoring</fullName>
      <url>job/DevOps-Team/job/Test/job/test%20for%20monitoring/</url>
    </com.cloudbees.simplediskusage.JobDiskItem>
    <com.cloudbees.simplediskusage.JobDiskItem>
      <displayName>DevOps-Team » Test » Test Pipeline Projects</displayName>
      <path>/var/lib/jenkins/jobs/DevOps-Team/jobs/Test/jobs/Test-Pipeline</path>
      <usage>22</usage>
      <fullName>DevOps-Team/Test/Test-Pipeline</fullName>
      <url>job/DevOps-Team/job/Test/job/Test-Pipeline/</url>
    </com.cloudbees.simplediskusage.JobDiskItem>
    <com.cloudbees.simplediskusage.JobDiskItem>
      <displayName>DevOps-Team » Utility » Backup » auth-postgres-backup-staging</displayName>
      <path>/var/lib/jenkins/jobs/DevOps-Team/jobs/Utility/jobs/backup/jobs/auth-postgres-backup-staging</path>
      <usage>9023</usage>
      <fullName>DevOps-Team/Utility/backup/auth-postgres-backup-staging</fullName>
      <url>job/DevOps-Team/job/Utility/job/backup/job/auth-postgres-backup-staging/</url>
    </com.cloudbees.simplediskusage.JobDiskItem>
    <com.cloudbees.simplediskusage.JobDiskItem>
      <displayName>DevOps-Team » Utility » Backup » boldbi-daily-postgres-backup-staging</displayName>
      <path>/var/lib/jenkins/jobs/DevOps-Team/jobs/Utility/jobs/backup/jobs/boldbi-daily-postgres-backup-staging</path>
      <usage>9904</usage>
      <fullName>DevOps-Team/Utility/backup/boldbi-daily-postgres-backup-staging</fullName>
      <url>job/DevOps-Team/job/Utility/job/backup/job/boldbi-daily-postgres-backup-staging/</url>
    </com.cloudbees.simplediskusage.JobDiskItem>
    <com.cloudbees.simplediskusage.JobDiskItem>
      <displayName>DevOps-Team » Utility » Backup » boldbi-postgres-backup-dev</displayName>
      <path>/var/lib/jenkins/jobs/DevOps-Team/jobs/Utility/jobs/backup/jobs/boldbi-postgres-backup-dev</path>
      <usage>8606</usage>
      <fullName>DevOps-Team/Utility/backup/boldbi-postgres-backup-dev</fullName>
      <url>job/DevOps-Team/job/Utility/job/backup/job/boldbi-postgres-backup-dev/</url>
    </com.cloudbees.simplediskusage.JobDiskItem>
    <com.cloudbees.simplediskusage.JobDiskItem>
      <displayName>DevOps-Team » Utility » Backup » boldbi-weekly-azfs-backup-dev</displayName>
      <path>/var/lib/jenkins/jobs/DevOps-Team/jobs/Utility/jobs/backup/jobs/boldbi-weekly-azfs-backup-dev</path>
      <usage>77</usage>
      <fullName>DevOps-Team/Utility/backup/boldbi-weekly-azfs-backup-dev</fullName>
      <url>job/DevOps-Team/job/Utility/job/backup/job/boldbi-weekly-azfs-backup-dev/</url>
    </com.cloudbees.simplediskusage.JobDiskItem>
    <com.cloudbees.simplediskusage.JobDiskItem>
      <displayName>DevOps-Team » Utility » Backup » boldbi-weekly-azfs-backup-staging</displayName>
      <path>/var/lib/jenkins/jobs/DevOps-Team/jobs/Utility/jobs/backup/jobs/boldbi-weekly-azfs-backup-staging</path>
      <usage>1362</usage>
      <fullName>DevOps-Team/Utility/backup/boldbi-weekly-azfs-backup-staging</fullName>
      <url>job/DevOps-Team/job/Utility/job/backup/job/boldbi-weekly-azfs-backup-staging/</url>
    </com.cloudbees.simplediskusage.JobDiskItem>
    <com.cloudbees.simplediskusage.JobDiskItem>
      <displayName>DevOps-Team » Utility » Backup » boldbi-weekly-postgres-backup-staging</displayName>
      <path>/var/lib/jenkins/jobs/DevOps-Team/jobs/Utility/jobs/backup/jobs/boldbi-weekly-postgres-backup-staging</path>
      <usage>1421</usage>
      <fullName>DevOps-Team/Utility/backup/boldbi-weekly-postgres-backup-staging</fullName>
      <url>job/DevOps-Team/job/Utility/job/backup/job/boldbi-weekly-postgres-backup-staging/</url>
    </com.cloudbees.simplediskusage.JobDiskItem>
    <com.cloudbees.simplediskusage.JobDiskItem>
      <displayName>DevOps-Team » Utility » Backup » minio-backup-dev</displayName>
      <path>/var/lib/jenkins/jobs/DevOps-Team/jobs/Utility/jobs/backup/jobs/minio-backup-dev</path>
      <usage>9753</usage>
      <fullName>DevOps-Team/Utility/backup/minio-backup-dev</fullName>
      <url>job/DevOps-Team/job/Utility/job/backup/job/minio-backup-dev/</url>
    </com.cloudbees.simplediskusage.JobDiskItem>
    <com.cloudbees.simplediskusage.JobDiskItem>
      <displayName>DevOps-Team » Utility » Backup » minio-backup-staging</displayName>
      <path>/var/lib/jenkins/jobs/DevOps-Team/jobs/Utility/jobs/backup/jobs/minio-backup-staging</path>
      <usage>10265</usage>
      <fullName>DevOps-Team/Utility/backup/minio-backup-staging</fullName>
      <url>job/DevOps-Team/job/Utility/job/backup/job/minio-backup-staging/</url>
    </com.cloudbees.simplediskusage.JobDiskItem>
    <com.cloudbees.simplediskusage.JobDiskItem>
      <displayName>DevOps-Team » Utility » Backup » tsa-cms-postrgres-backup-dev</displayName>
      <path>/var/lib/jenkins/jobs/DevOps-Team/jobs/Utility/jobs/backup/jobs/tsa-cms-postrgres-backup-dev</path>
      <usage>10319</usage>
      <fullName>DevOps-Team/Utility/backup/tsa-cms-postrgres-backup-dev</fullName>
      <url>job/DevOps-Team/job/Utility/job/backup/job/tsa-cms-postrgres-backup-dev/</url>
    </com.cloudbees.simplediskusage.JobDiskItem>
    <com.cloudbees.simplediskusage.JobDiskItem>
      <displayName>DevOps-Team » Utility » Backup » vault backup</displayName>
      <path>/var/lib/jenkins/jobs/DevOps-Team/jobs/Utility/jobs/backup/jobs/vault backup</path>
      <usage>57317</usage>
      <fullName>DevOps-Team/Utility/backup/vault backup</fullName>
      <url>job/DevOps-Team/job/Utility/job/backup/job/vault%20backup/</url>
    </com.cloudbees.simplediskusage.JobDiskItem>
    <com.cloudbees.simplediskusage.JobDiskItem>
      <displayName>DevOps-Team » Utility » Backup » ydx-tenant-postgres-backup-staging</displayName>
      <path>/var/lib/jenkins/jobs/DevOps-Team/jobs/Utility/jobs/backup/jobs/ydx-tenant-postgres-backup-staging</path>
      <usage>9231</usage>
      <fullName>DevOps-Team/Utility/backup/ydx-tenant-postgres-backup-staging</fullName>
      <url>job/DevOps-Team/job/Utility/job/backup/job/ydx-tenant-postgres-backup-staging/</url>
    </com.cloudbees.simplediskusage.JobDiskItem>
    <com.cloudbees.simplediskusage.JobDiskItem>
      <displayName>DevOps-Team » Utility » OPA_POLICY_UPDATE</displayName>
      <path>/var/lib/jenkins/jobs/DevOps-Team/jobs/Utility/jobs/OPA_POLICY_UPDATE</path>
      <usage>0</usage>
      <fullName>DevOps-Team/Utility/OPA_POLICY_UPDATE</fullName>
      <url>job/DevOps-Team/job/Utility/job/OPA_POLICY_UPDATE/</url>
    </com.cloudbees.simplediskusage.JobDiskItem>
    <com.cloudbees.simplediskusage.JobDiskItem>
      <displayName>Tools-Team » Test » Ansible_execution_test</displayName>
      <path>/var/lib/jenkins/jobs/Tools-Team/jobs/Test/jobs/Ansible_execution_test</path>
      <usage>4312</usage>
      <fullName>Tools-Team/Test/Ansible_execution_test</fullName>
      <url>job/Tools-Team/job/Test/job/Ansible_execution_test/</url>
    </com.cloudbees.simplediskusage.JobDiskItem>
    <com.cloudbees.simplediskusage.JobDiskItem>
      <displayName>Tools-Team » Test » HELM_Operation_Test</displayName>
      <path>/var/lib/jenkins/jobs/Tools-Team/jobs/Test/jobs/HELM_Operation_Test</path>
      <usage>406</usage>
      <fullName>Tools-Team/Test/HELM_Operation_Test</fullName>
      <url>job/Tools-Team/job/Test/job/HELM_Operation_Test/</url>
    </com.cloudbees.simplediskusage.JobDiskItem>
    <com.cloudbees.simplediskusage.JobDiskItem>
      <displayName>Tools-Team » Test » Infra_Provisioner_Job_TEST</displayName>
      <path>/var/lib/jenkins/jobs/Tools-Team/jobs/Test/jobs/Infra_Provisioner_Job_TEST</path>
      <usage>1724</usage>
      <fullName>Tools-Team/Test/Infra_Provisioner_Job_TEST</fullName>
      <url>job/Tools-Team/job/Test/job/Infra_Provisioner_Job_TEST/</url>
    </com.cloudbees.simplediskusage.JobDiskItem>
    <com.cloudbees.simplediskusage.JobDiskItem>
      <displayName>Tools-Team » Test » test demo</displayName>
      <path>/var/lib/jenkins/jobs/Tools-Team/jobs/Test/jobs/test demo</path>
      <usage>454</usage>
      <fullName>Tools-Team/Test/test demo</fullName>
      <url>job/Tools-Team/job/Test/job/test%20demo/</url>
    </com.cloudbees.simplediskusage.JobDiskItem>
  </jobsUsages>
  <lastRunStart>1658314943064</lastRunStart>
  <lastRunEnd>1658316583141</lastRunEnd>
</com.cloudbees.simplediskusage.QuickDiskUsagePlugin>