<?xml version='1.1' encoding='UTF-8'?>
<com.datapipe.jenkins.vault.configuration.GlobalVaultConfiguration plugin="hashicorp-vault-plugin@336.v182c0fbaaeb7">
  <configuration>
    <vaultUrl>http://40.65.170.112:8200</vaultUrl>
    <vaultCredentialId>vault_test</vaultCredentialId>
    <failIfNotFound>true</failIfNotFound>
    <skipSslVerification>false</skipSslVerification>
    <engineVersion>2</engineVersion>
    <timeout>60</timeout>
  </configuration>
</com.datapipe.jenkins.vault.configuration.GlobalVaultConfiguration>