<?xml version='1.1' encoding='UTF-8'?>
<com.cloudbees.plugins.credentials.CredentialsProviderManager plugin="credentials@1087.v16065d268466">
  <providerFilter class="com.cloudbees.plugins.credentials.CredentialsProviderFilter$None"/>
  <typeFilter class="com.cloudbees.plugins.credentials.CredentialsTypeFilter$None"/>
  <restrictions>
    <com.cloudbees.plugins.credentials.CredentialsProviderTypeRestriction_-Includes>
      <provider>com.datapipe.jenkins.vault.credentials.VaultCredentialsProvider</provider>
      <type>com.cloudbees.plugins.credentials.impl.UsernamePasswordCredentialsImpl</type>
    </com.cloudbees.plugins.credentials.CredentialsProviderTypeRestriction_-Includes>
  </restrictions>
</com.cloudbees.plugins.credentials.CredentialsProviderManager>