<?xml version='1.1' encoding='UTF-8'?>
<hudson.plugins.emailext.ExtendedEmailPublisherDescriptor plugin="email-ext@2.87">
  <defaultSuffix>@yokogawa.com</defaultSuffix>
  <mailAccount>
    <smtpHost>smtp.mandrillapp.com</smtpHost>
    <smtpPort>587</smtpPort>
    <credentialsId>SMTP</credentialsId>
    <useSsl>false</useSsl>
    <useTls>false</useTls>
    <advProperties></advProperties>
    <defaultAccount>true</defaultAccount>
  </mailAccount>
  <addAccounts/>
  <charset>UTF-8</charset>
  <defaultContentType>text/html</defaultContentType>
  <defaultSubject>$PROJECT_NAME - Build # $BUILD_NUMBER - $BUILD_STATUS!</defaultSubject>
  <defaultBody>$PROJECT_NAME - Build # $BUILD_NUMBER - $BUILD_STATUS:

Check console output at $BUILD_URL to view the results.</defaultBody>
  <defaultPresendScript></defaultPresendScript>
  <defaultPostsendScript></defaultPostsendScript>
  <defaultClasspath/>
  <defaultTriggerIds>
    <string>hudson.plugins.emailext.plugins.trigger.FailureTrigger</string>
    <string>hudson.plugins.emailext.plugins.trigger.FixedTrigger</string>
    <string>hudson.plugins.emailext.plugins.trigger.NotBuiltTrigger</string>
  </defaultTriggerIds>
  <emergencyReroute></emergencyReroute>
  <maxAttachmentSize>-1</maxAttachmentSize>
  <recipientList></recipientList>
  <defaultReplyTo></defaultReplyTo>
  <allowedDomains></allowedDomains>
  <excludedCommitters></excludedCommitters>
  <listId></listId>
  <precedenceBulk>false</precedenceBulk>
  <debugMode>false</debugMode>
  <requireAdminForTemplateTesting>false</requireAdminForTemplateTesting>
  <enableWatching>false</enableWatching>
  <enableAllowUnregistered>false</enableAllowUnregistered>
</hudson.plugins.emailext.ExtendedEmailPublisherDescriptor>