<?xml version='1.1' encoding='UTF-8'?>
<hudson.tasks.Mailer_-DescriptorImpl plugin="mailer@408.vd726a_1130320">
  <defaultSuffix>@apps.yokogawa.com</defaultSuffix>
  <authentication>
    <username>Yokogawa</username>
    <password>{AQAAABAAAAAgdO+Xx6bcrsTl6VUQLQgyIkhj2DvylfBo0xrZPN1Q4TOwreQXiPCZqbysbH21fCd6}</password>
  </authentication>
  <replyToAddress>notification@apps.yokogawa.com</replyToAddress>
  <smtpHost>smtp.mandrillapp.com</smtpHost>
  <useSsl>false</useSsl>
  <useTls>false</useTls>
  <smtpPort>587</smtpPort>
  <charset>UTF-8</charset>
</hudson.tasks.Mailer_-DescriptorImpl>