<?xml version='1.1' encoding='UTF-8'?>
<org.jvnet.hudson.plugins.thinbackup.backup.PluginList plugin="thinBackup@1.10">
  <plugins>
    <entry>
      <string>blueocean-config</string>
      <string>1.25.3</string>
    </entry>
    <entry>
      <string>convert-to-pipeline</string>
      <string>1.0</string>
    </entry>
    <entry>
      <string>github-autostatus</string>
      <string>3.6.2</string>
    </entry>
    <entry>
      <string>jdk-tool</string>
      <string>1.5</string>
    </entry>
    <entry>
      <string>azure-ad</string>
      <string>191.vfc8019068670</string>
    </entry>
    <entry>
      <string>github-branch-source</string>
      <string>1598.v91207e9f9b_4a_</string>
    </entry>
    <entry>
      <string>snakeyaml-api</string>
      <string>1.29.1</string>
    </entry>
    <entry>
      <string>pipeline-github-lib</string>
      <string>36.v4c01db_ca_ed16</string>
    </entry>
    <entry>
      <string>blueocean-pipeline-api-impl</string>
      <string>1.25.3</string>
    </entry>
    <entry>
      <string>windows-azure-storage</string>
      <string>373.v582b31a65906</string>
    </entry>
    <entry>
      <string>workflow-multibranch</string>
      <string>711.vdfef37cda_816</string>
    </entry>
    <entry>
      <string>maven-plugin</string>
      <string>3.18</string>
    </entry>
    <entry>
      <string>pipeline-stage-tags-metadata</string>
      <string>2.2075.vce74e77b_ce40</string>
    </entry>
    <entry>
      <string>javax-activation-api</string>
      <string>1.2.0-2</string>
    </entry>
    <entry>
      <string>git-client</string>
      <string>3.11.0</string>
    </entry>
    <entry>
      <string>powershell</string>
      <string>1.7</string>
    </entry>
    <entry>
      <string>slack</string>
      <string>608.v19e3b_44b_b_9ff</string>
    </entry>
    <entry>
      <string>scm-api</string>
      <string>595.vd5a_df5eb_0e39</string>
    </entry>
    <entry>
      <string>pipeline-github</string>
      <string>2.8-138.d766e30bb08b</string>
    </entry>
    <entry>
      <string>pipeline-stage-step</string>
      <string>291.vf0a8a7aeeb50</string>
    </entry>
    <entry>
      <string>versioncolumn</string>
      <string>2.2</string>
    </entry>
    <entry>
      <string>email-ext</string>
      <string>2.87</string>
    </entry>
    <entry>
      <string>github</string>
      <string>1.34.3</string>
    </entry>
    <entry>
      <string>build-timeout</string>
      <string>1.20</string>
    </entry>
    <entry>
      <string>parameterized-trigger</string>
      <string>2.44</string>
    </entry>
    <entry>
      <string>forensics-api</string>
      <string>1.12.0</string>
    </entry>
    <entry>
      <string>blueocean-personalization</string>
      <string>1.25.3</string>
    </entry>
    <entry>
      <string>mailer</string>
      <string>408.vd726a_1130320</string>
    </entry>
    <entry>
      <string>aws-java-sdk-minimal</string>
      <string>1.12.163-315.v2b_716ec8e4df</string>
    </entry>
    <entry>
      <string>jackson2-api</string>
      <string>2.13.2-260.v43d711474c77</string>
    </entry>
    <entry>
      <string>blueocean-web</string>
      <string>1.25.3</string>
    </entry>
    <entry>
      <string>workflow-scm-step</string>
      <string>2.13</string>
    </entry>
    <entry>
      <string>ws-cleanup</string>
      <string>0.41</string>
    </entry>
    <entry>
      <string>blueocean-events</string>
      <string>1.25.3</string>
    </entry>
    <entry>
      <string>hashicorp-vault-plugin</string>
      <string>336.v182c0fbaaeb7</string>
    </entry>
    <entry>
      <string>token-macro</string>
      <string>285.vff7645a_56ff0</string>
    </entry>
    <entry>
      <string>custom-checkbox-parameter</string>
      <string>1.4</string>
    </entry>
    <entry>
      <string>popper-api</string>
      <string>1.16.1-2</string>
    </entry>
    <entry>
      <string>lockable-resources</string>
      <string>2.14</string>
    </entry>
    <entry>
      <string>run-condition</string>
      <string>1.5</string>
    </entry>
    <entry>
      <string>thinBackup</string>
      <string>1.10</string>
    </entry>
    <entry>
      <string>metrics</string>
      <string>4.1.6.1</string>
    </entry>
    <entry>
      <string>blueocean-i18n</string>
      <string>1.25.3</string>
    </entry>
    <entry>
      <string>favorite</string>
      <string>2.4.1</string>
    </entry>
    <entry>
      <string>momentjs</string>
      <string>1.1.1</string>
    </entry>
    <entry>
      <string>okhttp-api</string>
      <string>4.9.3-105.vb96869f8ac3a</string>
    </entry>
    <entry>
      <string>extended-choice-parameter</string>
      <string>346.vd87693c5a_86c</string>
    </entry>
    <entry>
      <string>blueocean-rest</string>
      <string>1.25.3</string>
    </entry>
    <entry>
      <string>jnr-posix-api</string>
      <string>3.1.7-3</string>
    </entry>
    <entry>
      <string>kubernetes-credentials</string>
      <string>0.9.0</string>
    </entry>
    <entry>
      <string>pipeline-build-step</string>
      <string>2.16</string>
    </entry>
    <entry>
      <string>pipeline-stage-view</string>
      <string>2.23</string>
    </entry>
    <entry>
      <string>pipeline-model-definition</string>
      <string>2.2075.vce74e77b_ce40</string>
    </entry>
    <entry>
      <string>global-slack-notifier</string>
      <string>1.5</string>
    </entry>
    <entry>
      <string>pipeline-timeline</string>
      <string>1.0.3</string>
    </entry>
    <entry>
      <string>resource-disposer</string>
      <string>0.18</string>
    </entry>
    <entry>
      <string>ansible</string>
      <string>1.1</string>
    </entry>
    <entry>
      <string>bouncycastle-api</string>
      <string>2.25</string>
    </entry>
    <entry>
      <string>jaxb</string>
      <string>2.3.0.1</string>
    </entry>
    <entry>
      <string>ace-editor</string>
      <string>1.1</string>
    </entry>
    <entry>
      <string>docker-commons</string>
      <string>1.19</string>
    </entry>
    <entry>
      <string>javadoc</string>
      <string>217.v905b_86277a_2a_</string>
    </entry>
    <entry>
      <string>pam-auth</string>
      <string>1.7</string>
    </entry>
    <entry>
      <string>workflow-durable-task-step</string>
      <string>1128.v8c259d125340</string>
    </entry>
    <entry>
      <string>blueocean-pipeline-editor</string>
      <string>1.25.3</string>
    </entry>
    <entry>
      <string>ssh-credentials</string>
      <string>1.19</string>
    </entry>
    <entry>
      <string>azure-sdk</string>
      <string>106.v552de1e64d56</string>
    </entry>
    <entry>
      <string>code-coverage-api</string>
      <string>2.0.4</string>
    </entry>
    <entry>
      <string>data-tables-api</string>
      <string>1.11.4-4</string>
    </entry>
    <entry>
      <string>schedule-build</string>
      <string>244.vce2a_2e926127</string>
    </entry>
    <entry>
      <string>workflow-basic-steps</string>
      <string>941.vdfe1b_a_132c64</string>
    </entry>
    <entry>
      <string>workflow-job</string>
      <string>1174.vdcb_d054cf74a_</string>
    </entry>
    <entry>
      <string>copyartifact</string>
      <string>1.46.3</string>
    </entry>
    <entry>
      <string>jsch</string>
      <string>0.1.55.2</string>
    </entry>
    <entry>
      <string>github-api</string>
      <string>1.301-378.v9807bd746da5</string>
    </entry>
    <entry>
      <string>echarts-api</string>
      <string>5.3.0-2</string>
    </entry>
    <entry>
      <string>workflow-cps</string>
      <string>2686.v7c37e0578401</string>
    </entry>
    <entry>
      <string>sshd</string>
      <string>3.226.vb_1769a_7fb_b_a_6</string>
    </entry>
    <entry>
      <string>matrix-auth</string>
      <string>3.1.5</string>
    </entry>
    <entry>
      <string>strict-crumb-issuer</string>
      <string>2.1.0</string>
    </entry>
    <entry>
      <string>gradle</string>
      <string>1.38</string>
    </entry>
    <entry>
      <string>jjwt-api</string>
      <string>0.11.2-9.c8b45b8bb173</string>
    </entry>
    <entry>
      <string>blueocean-commons</string>
      <string>1.25.3</string>
    </entry>
    <entry>
      <string>ownership</string>
      <string>0.13.0</string>
    </entry>
    <entry>
      <string>sse-gateway</string>
      <string>1.25</string>
    </entry>
    <entry>
      <string>script-security</string>
      <string>1145.vb_cf6cf6ed960</string>
    </entry>
    <entry>
      <string>Hudson core</string>
      <string>2.332.1</string>
    </entry>
    <entry>
      <string>blueocean-dashboard</string>
      <string>1.25.3</string>
    </entry>
    <entry>
      <string>blueocean-core-js</string>
      <string>1.25.3</string>
    </entry>
    <entry>
      <string>blueocean-github-pipeline</string>
      <string>1.25.3</string>
    </entry>
    <entry>
      <string>cobertura</string>
      <string>1.17</string>
    </entry>
    <entry>
      <string>kubernetes</string>
      <string>3580.v78271e5631dc</string>
    </entry>
    <entry>
      <string>role-strategy</string>
      <string>3.2.0</string>
    </entry>
    <entry>
      <string>pipeline-milestone-step</string>
      <string>100.v60a_03cd446e1</string>
    </entry>
    <entry>
      <string>blueocean-jwt</string>
      <string>1.25.3</string>
    </entry>
    <entry>
      <string>cloudbees-disk-usage-simple</string>
      <string>0.10</string>
    </entry>
    <entry>
      <string>trilead-api</string>
      <string>1.57.v6e90e07157e1</string>
    </entry>
    <entry>
      <string>extensible-choice-parameter</string>
      <string>1.8.0</string>
    </entry>
    <entry>
      <string>javax-mail-api</string>
      <string>1.6.2-5</string>
    </entry>
    <entry>
      <string>handlebars</string>
      <string>3.0.8</string>
    </entry>
    <entry>
      <string>ldap</string>
      <string>2.8</string>
    </entry>
    <entry>
      <string>plugin-util-api</string>
      <string>2.16.0</string>
    </entry>
    <entry>
      <string>variant</string>
      <string>1.4</string>
    </entry>
    <entry>
      <string>kubernetes-client-api</string>
      <string>5.12.1-187.v577c3e368fb_6</string>
    </entry>
    <entry>
      <string>font-awesome-api</string>
      <string>6.0.0-1</string>
    </entry>
    <entry>
      <string>bootstrap4-api</string>
      <string>4.6.0-3</string>
    </entry>
    <entry>
      <string>pipeline-model-extensions</string>
      <string>2.2075.vce74e77b_ce40</string>
    </entry>
    <entry>
      <string>plugin-usage-plugin</string>
      <string>2.2</string>
    </entry>
    <entry>
      <string>aws-credentials</string>
      <string>191.vcb_f183ce58b_9</string>
    </entry>
    <entry>
      <string>uno-choice</string>
      <string>2.6.1</string>
    </entry>
    <entry>
      <string>workflow-cps-global-lib</string>
      <string>564.ve62a_4eb_b_e039</string>
    </entry>
    <entry>
      <string>workflow-support</string>
      <string>817.v58126df57338</string>
    </entry>
    <entry>
      <string>readonly-parameters</string>
      <string>1.0.0</string>
    </entry>
    <entry>
      <string>checks-api</string>
      <string>1.7.2</string>
    </entry>
    <entry>
      <string>antisamy-markup-formatter</string>
      <string>2.7</string>
    </entry>
    <entry>
      <string>pipeline-rest-api</string>
      <string>2.23</string>
    </entry>
    <entry>
      <string>conditional-buildstep</string>
      <string>1.4.2</string>
    </entry>
    <entry>
      <string>blueocean-rest-impl</string>
      <string>1.25.3</string>
    </entry>
    <entry>
      <string>pipeline-model-api</string>
      <string>2.2075.vce74e77b_ce40</string>
    </entry>
    <entry>
      <string>pipeline-input-step</string>
      <string>446.vf27b_0b_83500e</string>
    </entry>
    <entry>
      <string>jquery3-api</string>
      <string>3.6.0-2</string>
    </entry>
    <entry>
      <string>git-server</string>
      <string>1.10</string>
    </entry>
    <entry>
      <string>blueocean-git-pipeline</string>
      <string>1.25.3</string>
    </entry>
    <entry>
      <string>credentials-binding</string>
      <string>1.27.1</string>
    </entry>
    <entry>
      <string>workflow-aggregator</string>
      <string>2.7</string>
    </entry>
    <entry>
      <string>credentials</string>
      <string>1087.v16065d268466</string>
    </entry>
    <entry>
      <string>blueocean-pipeline-scm-api</string>
      <string>1.25.3</string>
    </entry>
    <entry>
      <string>caffeine-api</string>
      <string>2.9.2-29.v717aac953ff3</string>
    </entry>
    <entry>
      <string>minio</string>
      <string>1.3.3-rc93.9e92f846d4cf</string>
    </entry>
    <entry>
      <string>workflow-step-api</string>
      <string>622.vb_8e7c15b_c95a_</string>
    </entry>
    <entry>
      <string>plain-credentials</string>
      <string>1.8</string>
    </entry>
    <entry>
      <string>command-launcher</string>
      <string>1.6</string>
    </entry>
    <entry>
      <string>jquery</string>
      <string>1.12.4-1</string>
    </entry>
    <entry>
      <string>matrix-project</string>
      <string>772.v494f19991984</string>
    </entry>
    <entry>
      <string>git</string>
      <string>4.11.0</string>
    </entry>
    <entry>
      <string>authentication-tokens</string>
      <string>1.4</string>
    </entry>
    <entry>
      <string>bootstrap5-api</string>
      <string>5.1.3-6</string>
    </entry>
    <entry>
      <string>cloudbees-folder</string>
      <string>6.714.v79e858ef76a_2</string>
    </entry>
    <entry>
      <string>prometheus</string>
      <string>2.0.11</string>
    </entry>
    <entry>
      <string>blueocean-autofavorite</string>
      <string>1.2.5</string>
    </entry>
    <entry>
      <string>durable-task</string>
      <string>495.v29cd95ec10f2</string>
    </entry>
    <entry>
      <string>popper2-api</string>
      <string>2.11.4-1</string>
    </entry>
    <entry>
      <string>docker-plugin</string>
      <string>1.2.7</string>
    </entry>
    <entry>
      <string>extended-read-permission</string>
      <string>3.2</string>
    </entry>
    <entry>
      <string>timestamper</string>
      <string>1.17</string>
    </entry>
    <entry>
      <string>junit</string>
      <string>1.58</string>
    </entry>
    <entry>
      <string>pipeline-graph-analysis</string>
      <string>188.v3a01e7973f2c</string>
    </entry>
    <entry>
      <string>apache-httpcomponents-client-4-api</string>
      <string>4.5.13-1.0</string>
    </entry>
    <entry>
      <string>structs</string>
      <string>308.v852b473a2b8c</string>
    </entry>
    <entry>
      <string>ant</string>
      <string>1.13</string>
    </entry>
    <entry>
      <string>delivery-pipeline-plugin</string>
      <string>1.4.2</string>
    </entry>
    <entry>
      <string>blueocean-bitbucket-pipeline</string>
      <string>1.25.3</string>
    </entry>
    <entry>
      <string>jacoco</string>
      <string>3.3.1</string>
    </entry>
    <entry>
      <string>file-operations</string>
      <string>1.11</string>
    </entry>
    <entry>
      <string>blueocean</string>
      <string>1.25.3</string>
    </entry>
    <entry>
      <string>htmlpublisher</string>
      <string>1.29</string>
    </entry>
    <entry>
      <string>ssh-slaves</string>
      <string>1.806.v2253cedd3295</string>
    </entry>
    <entry>
      <string>handy-uri-templates-2-api</string>
      <string>2.1.8-1.0</string>
    </entry>
    <entry>
      <string>aws-java-sdk-ec2</string>
      <string>1.12.163-315.v2b_716ec8e4df</string>
    </entry>
    <entry>
      <string>PrioritySorter</string>
      <string>4.1.0</string>
    </entry>
    <entry>
      <string>cloudbees-bitbucket-branch-source</string>
      <string>762.v969cfe087fc0</string>
    </entry>
    <entry>
      <string>blueocean-display-url</string>
      <string>2.4.1</string>
    </entry>
    <entry>
      <string>display-url-api</string>
      <string>2.3.6</string>
    </entry>
    <entry>
      <string>jenkins-design-language</string>
      <string>1.25.3</string>
    </entry>
    <entry>
      <string>branch-api</string>
      <string>2.1044.v2c007e51b_87f</string>
    </entry>
    <entry>
      <string>embeddable-build-status</string>
      <string>2.0.3</string>
    </entry>
    <entry>
      <string>view-job-filters</string>
      <string>2.3</string>
    </entry>
    <entry>
      <string>workflow-api</string>
      <string>1143.v2d42f1e9dea_5</string>
    </entry>
    <entry>
      <string>pubsub-light</string>
      <string>1.16</string>
    </entry>
    <entry>
      <string>docker-java-api</string>
      <string>3.1.5.2</string>
    </entry>
  </plugins>
  <pluginsXml>/var/lib/jenkins/backup/FULL-2022-07-20_12-00/installedPlugins.xml</pluginsXml>
</org.jvnet.hudson.plugins.thinbackup.backup.PluginList>