<?xml version='1.1' encoding='UTF-8'?>
<jenkins.metrics.api.MetricsAccessKey_-DescriptorImpl plugin="metrics@4.1.6.1">
  <accessKeys>
    <jenkins.metrics.api.MetricsAccessKey>
      <secretKey>{AQAAABAAAABQCFiogvwakkQUZl0Uj8HvIVa9zhSYRoJMLmHocMrBbejz2pMgpRnPMRZCYlKr7Hq1wqKzSuATjClKMci/TxMPlHt32tOrUgwbmhl8P/ulF9hgYphm/PgUud8gpOxH+3Vm}</secretKey>
      <description>Prometheus</description>
      <canPing>true</canPing>
      <canThreadDump>false</canThreadDump>
      <canHealthCheck>true</canHealthCheck>
      <canMetrics>true</canMetrics>
      <origins>*</origins>
    </jenkins.metrics.api.MetricsAccessKey>
  </accessKeys>
</jenkins.metrics.api.MetricsAccessKey_-DescriptorImpl>