<?xml version='1.1' encoding='UTF-8'?>
<hudson.util.DescribableList>
  <hudson.node__monitors.ArchitectureMonitor>
    <ignored>false</ignored>
  </hudson.node__monitors.ArchitectureMonitor>
  <hudson.node__monitors.ClockMonitor>
    <ignored>false</ignored>
  </hudson.node__monitors.ClockMonitor>
  <hudson.node__monitors.DiskSpaceMonitor>
    <ignored>false</ignored>
    <freeSpaceThreshold>2GB</freeSpaceThreshold>
  </hudson.node__monitors.DiskSpaceMonitor>
  <hudson.node__monitors.TemporarySpaceMonitor>
    <ignored>false</ignored>
    <freeSpaceThreshold>1GB</freeSpaceThreshold>
  </hudson.node__monitors.TemporarySpaceMonitor>
  <hudson.plugin.versioncolumn.JVMVersionMonitor plugin="versioncolumn@2.2">
    <ignored>false</ignored>
    <comparisonMode>RUNTIME_GREATER_OR_EQUAL_MASTER_BYTECODE</comparisonMode>
    <disconnect>false</disconnect>
  </hudson.plugin.versioncolumn.JVMVersionMonitor>
  <hudson.plugin.versioncolumn.VersionMonitor plugin="versioncolumn@2.2">
    <ignored>false</ignored>
  </hudson.plugin.versioncolumn.VersionMonitor>
  <hudson.node__monitors.ResponseTimeMonitor>
    <ignored>false</ignored>
  </hudson.node__monitors.ResponseTimeMonitor>
  <hudson.node__monitors.SwapSpaceMonitor>
    <ignored>true</ignored>
  </hudson.node__monitors.SwapSpaceMonitor>
  <com.synopsys.arc.jenkins.plugins.ownership.nodes.OwnershipNodeMonitor plugin="ownership@0.13.0">
    <ignored>false</ignored>
  </com.synopsys.arc.jenkins.plugins.ownership.nodes.OwnershipNodeMonitor>
</hudson.util.DescribableList>