<?xml version='1.1' encoding='UTF-8'?>
<org.jenkinsci.plugins.globalslack.GlobalSlackNotifier_-DescriptorImpl plugin="global-slack-notifier@1.5">
  <successRoom>dxp-pipeline-notifications</successRoom>
  <successMessage>${BUILD_TAG} Build Successful...
${BUILD_URL}</successMessage>
  <notifyOnSuccess>false</notifyOnSuccess>
  <failureRoom>dxp-pipeline-notifications</failureRoom>
  <failureMessage>${BUILD_TAG} Build Failed...
${BUILD_URL}</failureMessage>
  <notifyOnFail>false</notifyOnFail>
  <unstableRoom>dxp-pipeline-notifications</unstableRoom>
  <unstableMessage>${BUILD_TAG} Unstable Build... 
${BUILD_URL}</unstableMessage>
  <notifyOnUnstable>false</notifyOnUnstable>
  <notBuiltRoom>dxp-pipeline-notifications</notBuiltRoom>
  <notBuiltMessage>${BUILD_TAG} Not Build... 
${BUILD_URL}</notBuiltMessage>
  <notifyOnNotBuilt>false</notifyOnNotBuilt>
  <abortedRoom>dxp-pipeline-notifications</abortedRoom>
  <abortedMessage>${BUILD_TAG} Aborted Build... 
${BUILD_URL}</abortedMessage>
  <notifyOnAborted>false</notifyOnAborted>
</org.jenkinsci.plugins.globalslack.GlobalSlackNotifier_-DescriptorImpl>