<?xml version='1.1' encoding='UTF-8'?>
<hudson.model.UserIdMapper>
  <version>1</version>
  <idToDirectoryNameMap class="concurrent-hash-map">
    <entry>
      <string>83750373+shabbiervempalli-yti</string>
      <string>83750373shabbi_6305448067805063141</string>
    </entry>
    <entry>
      <string>ahmed</string>
      <string>ahmed_16118278708386333022</string>
    </entry>
    <entry>
      <string>guanhong.li</string>
      <string>GuanhongLi_624549676866066901</string>
    </entry>
    <entry>
      <string>noreply</string>
      <string>noreply_2166784963871489555</string>
    </entry>
    <entry>
      <string>liang.qu</string>
      <string>LiangQu_12279956485005243839</string>
    </entry>
    <entry>
      <string>admin</string>
      <string>admin_2278300035358444201</string>
    </entry>
    <entry>
      <string>archie</string>
      <string>archie_2065863330152908232</string>
    </entry>
    <entry>
      <string>sathish_selvakumar</string>
      <string>SathishSelvaku_16605122989406254235</string>
    </entry>
    <entry>
      <string>nagaraju</string>
      <string>Nagaraju_9660334950803769688</string>
    </entry>
    <entry>
      <string>sathish_ramalingam</string>
      <string>SathishRamalin_7782630174665255022</string>
    </entry>
    <entry>
      <string>guanhong</string>
      <string>Guanhong_313975430470329704</string>
    </entry>
    <entry>
      <string>test-user</string>
      <string>testuser_6062853117261560441</string>
    </entry>
    <entry>
      <string>thirubalaje.thirupathy</string>
      <string>ThirubalajeThi_17987777119838769416</string>
    </entry>
    <entry>
      <string>rozer_mutum</string>
      <string>rozermutum_6744594462052609866</string>
    </entry>
    <entry>
      <string>shimizu</string>
      <string>Shimizu_12009357043628983518</string>
    </entry>
    <entry>
      <string>han</string>
      <string>Han_16121559702653821486</string>
    </entry>
    <entry>
      <string>86976612+sathish-ramalingam</string>
      <string>86976612sathis_2241882009953617871</string>
    </entry>
    <entry>
      <string>kishore.balu</string>
      <string>kishorebalu_2298110645431568915</string>
    </entry>
    <entry>
      <string>root</string>
      <string>root_18310360902750962602</string>
    </entry>
    <entry>
      <string>jenkins</string>
      <string>jenkins_5380910812168610110</string>
    </entry>
    <entry>
      <string>liang</string>
      <string>Liang_1099695459222995221</string>
    </entry>
    <entry>
      <string>pavithra</string>
      <string>pavithra_6545402992986063927</string>
    </entry>
    <entry>
      <string>rozer.mutum</string>
      <string>RozerMutum_17208584871242837368</string>
    </entry>
    <entry>
      <string>suruthi</string>
      <string>suruthi_9221256086745892874</string>
    </entry>
    <entry>
      <string>shabbier</string>
      <string>shabbier_13447399295204315614</string>
    </entry>
    <entry>
      <string>anup</string>
      <string>Anup_11473115066309269534</string>
    </entry>
    <entry>
      <string>85216244+archiefederico</string>
      <string>85216244Archie_6204100437069777534</string>
    </entry>
    <entry>
      <string>test-guest</string>
      <string>testguest_18351567115679734614</string>
    </entry>
    <entry>
      <string>murali</string>
      <string>murali_187747621342409175</string>
    </entry>
    <entry>
      <string>siva</string>
      <string>Siva_14048503717452769864</string>
    </entry>
    <entry>
      <string>sridhar</string>
      <string>sridhar_12690094221304406806</string>
    </entry>
    <entry>
      <string>john</string>
      <string>John_17449012433305710411</string>
    </entry>
  </idToDirectoryNameMap>
</hudson.model.UserIdMapper>